dispense_date,qty_dispensed,qty_lag_1,qty_lag_7,qty_lag_14,qty_lag_28,has_missing_lag,missing_lag_columns
2022-02-23,503,,,,,True,"qty_lag_1, qty_lag_7, qty_lag_14, qty_lag_28"
2022-02-24,472,503.0,,,,True,"qty_lag_7, qty_lag_14, qty_lag_28"
2022-02-25,465,472.0,,,,True,"qty_lag_7, qty_lag_14, qty_lag_28"
2022-02-26,417,465.0,,,,True,"qty_lag_7, qty_lag_14, qty_lag_28"
2022-02-27,541,417.0,,,,True,"qty_lag_7, qty_lag_14, qty_lag_28"
2022-02-28,549,541.0,,,,True,"qty_lag_7, qty_lag_14, qty_lag_28"
2022-03-01,509,549.0,,,,True,"qty_lag_7, qty_lag_14, qty_lag_28"
2022-03-02,558,509.0,503.0,,,True,"qty_lag_14, qty_lag_28"
2022-03-03,554,558.0,472.0,,,True,"qty_lag_14, qty_lag_28"
2022-03-04,457,554.0,465.0,,,True,"qty_lag_14, qty_lag_28"
2022-03-05,437,457.0,417.0,,,True,"qty_lag_14, qty_lag_28"
2022-03-06,541,437.0,541.0,,,True,"qty_lag_14, qty_lag_28"
2022-03-07,519,541.0,549.0,,,True,"qty_lag_14, qty_lag_28"
2022-03-08,498,519.0,509.0,,,True,"qty_lag_14, qty_lag_28"
2022-03-09,359,498.0,558.0,503.0,,True,qty_lag_28
2022-03-10,415,359.0,554.0,472.0,,True,qty_lag_28
2022-03-11,378,415.0,457.0,465.0,,True,qty_lag_28
2022-03-12,383,378.0,437.0,417.0,,True,qty_lag_28
2022-03-13,476,383.0,541.0,541.0,,True,qty_lag_28
2022-03-14,545,476.0,519.0,549.0,,True,qty_lag_28
2022-03-15,499,545.0,498.0,509.0,,True,qty_lag_28
2022-03-16,515,499.0,359.0,558.0,,True,qty_lag_28
2022-03-17,500,515.0,415.0,554.0,,True,qty_lag_28
2022-03-18,460,500.0,378.0,457.0,,True,qty_lag_28
2022-03-19,436,460.0,383.0,437.0,,True,qty_lag_28
2022-03-20,545,436.0,476.0,541.0,,True,qty_lag_28
2022-03-21,585,545.0,545.0,519.0,,True,qty_lag_28
2022-03-22,578,585.0,499.0,498.0,,True,qty_lag_28
