sku,rolling_mean_7d,rolling_std_7d,rolling_mean_30d,rolling_std_30d,lead_time_days,safety_stock,reorder_point,total_qty_dispensed,is_top_mover
67e22bfb70595ff6bd2e46f7fec1252e,1.9,2.6,5.1,3.8,2.0,6.1,9.8,1066,False
eaccfd101d1996b58f0c5e9bc6d0b59e,2.9,3.0,3.7,3.8,2.0,6.9,12.6,1185,False
50f94b672688a4fff0f7d4af64f3ac98,1.3,1.1,1.3,1.3,2.0,2.6,5.2,625,False
f25382528bbc59704a0f32b0f929a532,0.3,0.8,0.1,0.4,2.0,1.8,2.3,279,False
d174ca773fd40173132afa19f0366bb4,0.1,0.4,0.1,0.3,2.0,0.9,1.2,141,False
1b28e970471a105335f8c9d673940d58,0.3,0.8,0.4,0.8,2.0,1.8,2.3,1215,False
a5d00bb12cd51265c8d3b0b447d85964,0.1,0.4,0.1,0.4,2.0,0.9,1.2,231,False
df1f227ca6f5a237e8c15dd1311183e0,0.1,0.4,0.2,0.4,2.0,0.9,1.2,49,False
461104747ec72f92b0faf4da6d904934,0.3,0.5,0.3,0.5,2.0,1.2,1.9,2,False
b5089fb99e263d9345bd54e43426a614,0.1,0.4,0.1,0.3,2.0,0.9,1.2,41,False
160173e79ddfe9508c02f8cdb93daff9,0.1,0.4,0.0,0.2,2.0,0.9,1.2,19,False
1a9216218ce8ca818adb55ba1cc963c4,0.1,0.4,0.1,0.3,2.0,0.9,1.2,72,False
b75258a98f738311db28aacad46845b3,0.1,0.4,0.2,0.5,2.0,0.9,1.2,202,False
a0b58e14d2d6c95d5c9e8ebb4db73e50,0.1,0.4,0.1,0.3,2.0,0.9,1.2,42,False
66050928694bb6ecbaa264b28365cba8,0.1,0.4,0.4,0.7,2.0,0.9,1.2,370,False
d1f0047ee0c954d039e175d0559bb29c,0.1,0.4,0.1,0.3,2.0,0.9,1.2,127,False
9e1c6962a908ab352a3beb0671b732e5,0.7,0.8,0.9,0.9,2.0,1.8,3.2,1303,False
a6d4efc4d6cd6002d8865e38a2cfe3f2,0.9,1.2,1.0,0.9,2.0,2.8,4.5,458,False
a7f48cf1fe39ef9712cb253ca5fe8bc5,0.1,0.4,0.3,1.3,2.0,0.9,1.2,66,False
9ca540b446c8a33d4d0fde448acc26dd,0.9,0.9,1.2,1.3,2.0,2.1,3.8,1528,False
ca67f5df319c236afc1f4f6e3f62e3af,0.3,0.5,0.2,0.5,2.0,1.1,1.7,156,False
6673fe322a6101dadd4495a200f4223b,2.3,1.6,1.5,1.4,2.0,3.7,8.3,2555,False
01bdf04bb36dfcd94a9ef6fce31afc59,0.3,0.5,0.3,0.8,2.0,1.1,1.7,454,False
9d65874b97267d3f2ec157913f6db867,1.6,1.0,1.5,1.1,2.0,2.3,5.4,2306,False
924aa4fc983c1f8364e5bd1f04cbb062,1.0,0.0,1.0,0.0,2.0,0.0,2.0,2,False
bebd1078d21f8b90d53127b956e3cfc9,0.3,0.5,0.2,0.5,2.0,1.1,1.7,108,False
4a37f2a01e5bcb8047c22d426ace10f3,0.7,1.1,0.9,0.9,2.0,2.6,4.0,994,False
54db70a2f68c8c06bca03c8547a5b554,0.7,0.8,0.4,0.6,2.0,1.8,3.2,521,False
0294e9ff7bc77c29cdd83b6125ee4940,3.1,1.5,4.4,1.9,2.0,3.4,9.7,3658,False
93d664dddeea2dd49decf97035051e92,19.3,4.8,25.0,24.5,2.0,11.2,49.7,16395,True
abc8b5d901bd3d2178a6ae3c7392227d,10.4,3.6,10.8,12.1,2.0,8.3,29.1,8638,False
9d60025d39c34f6d75a0110e3957b79b,0.4,0.8,0.3,0.6,2.0,1.8,2.7,186,False
b701576d3b2e8ea055ac68016e01668e,14.0,5.5,17.0,17.2,2.0,12.9,40.9,12307,False
033b262dad9e437f1864d875e073b328,1.0,0.8,0.8,0.8,2.0,1.9,3.9,1080,False
0300087aca6bca74aea4cfa71bbb5adb,4.4,1.3,7.1,8.8,2.0,3.0,11.8,5616,False
d46edd1070d98a224cfb1c1ed5967e12,6.0,2.0,9.1,9.3,2.0,4.7,16.7,8275,False
d8f674f1baeb28ba583c9c467e67365d,0.6,0.5,0.7,0.7,2.0,1.2,2.4,1610,False
baf46a5df691307a05dcf23887f2099a,1.0,0.8,1.0,0.8,2.0,1.9,3.9,1081,False
cf7905882011327f64f363146d2967cb,1.0,1.4,1.0,1.1,2.0,3.3,5.3,989,False
af90bd893233dab67c0e4adcf04fca82,1.0,0.8,1.5,1.4,2.0,1.9,3.9,5884,False
16eff917bdf1fbe64883aa4bb8b4a1f8,1.4,1.3,1.3,1.1,2.0,3.0,5.8,1057,False
67f78c604d99fda34d75139394372fb1,0.1,0.4,0.3,0.5,2.0,0.9,1.2,231,False
66133559e0f832da8500b2127d18f9dc,0.7,0.8,1.4,1.3,2.0,1.8,3.2,1257,False
6049baba09d0c82b678cf212f8c3d66b,1.1,0.7,1.1,1.1,2.0,1.6,3.9,1597,False
89d8c198152456e1960e798f873c282f,1.7,1.0,2.0,1.3,2.0,2.2,5.6,3164,False
e2f0ae8b2db933987082ffb201f5a5ed,4.3,2.2,6.9,6.7,2.0,5.2,13.7,9223,False
099cc517501503ede4c1646885d437d7,2.7,2.1,2.8,1.7,2.0,5.0,10.4,2081,False
0851360c24bcd12096d67958f654db59,1.4,1.0,1.0,0.8,2.0,2.3,5.1,1283,False
59aeef56921214e309d716079777bdbc,0.4,0.8,0.9,0.9,2.0,1.8,2.7,1161,False
593e12052ccf13767eb920be91c5b048,2.9,1.6,3.3,2.0,2.0,3.7,9.4,2915,False
55a9483712810e661fa83bbeb780d8ba,0.7,1.0,0.7,0.7,2.0,2.2,3.6,895,False
48d1f3625ed89240b0c15486880eb40a,0.1,0.4,0.5,0.9,2.0,0.9,1.2,26,False
e7a4234982d59d2711cfd3f76de866ff,0.1,0.4,0.2,0.4,2.0,0.9,1.2,274,False
46c5e5cfed715631dafd6ef3774314ac,1.4,1.6,2.0,1.9,2.0,3.8,6.6,1629,False
13f6ca567dde83523d4c883c16b98148,1.9,1.1,1.6,1.1,2.0,2.5,6.2,1557,False
44f0d77c1f85d9f46a31391fc406fa27,1.6,1.3,1.9,1.4,2.0,3.0,6.1,1687,False
05d98e5c2603bf927952aa3eb74d1fc3,13.9,6.3,18.5,26.0,2.0,14.6,42.3,12052,False
82105f54039064dbddc2d59efa5377be,2.6,1.9,2.5,2.4,2.0,4.4,9.6,2197,False
1987e6b98c8edc352a961cc293ffe981,4.6,3.2,5.1,4.3,2.0,7.5,16.6,3702,False
1fc36e6327e578011358e52fcedfda9a,1.0,1.2,1.1,1.0,2.0,2.7,4.7,1797,False
d19b668b7f4c6c8aecc4b979fb85230a,2.9,1.3,3.1,1.8,2.0,3.1,8.9,3738,False
7880eed2784835223e30bd67b198f7be,10.0,4.1,12.7,7.0,2.0,9.5,29.5,10196,False
2f621fea30f47fc68073c52acc1a1108,5.3,3.0,7.5,11.3,2.0,7.0,17.5,8888,False
dbfa0f905c5f2cf16d9363eec63878a4,2.1,1.2,1.6,1.2,2.0,2.8,7.1,1182,False
44e72784da42f678759255c10c78a5fa,0.4,0.5,0.5,0.7,2.0,1.2,2.1,821,False
be61be55295db1941eaf232ee6288fa7,14.1,6.6,22.6,24.5,2.0,15.4,43.7,17273,True
2ecc882f649bf4ea25cf8a1a6eb77b6e,10.7,7.2,14.2,18.0,2.0,16.8,38.2,9493,False
30ab8e0c136827fb3fd120a2ece62897,1.3,0.5,1.6,1.6,2.0,1.1,3.7,2203,False
d02640f72095f6b49a01a813b3f287f9,3.7,2.9,4.1,3.0,2.0,6.8,14.3,2747,False
da3562c59621dd135d3f0255d3fb66aa,19.4,12.4,27.1,26.9,2.0,28.9,67.8,14683,True
b1cfc8c80d03027941b0bce8d2ff3deb,17.4,7.8,24.7,19.2,2.0,18.3,53.2,21845,True
5fd43334dbbeb041fc1f6be0ce5c40f6,3.9,2.0,5.1,2.9,2.0,4.7,12.5,4972,False
d4f9dbd5a584b1b9f58285e01c443919,1.9,0.9,3.2,2.1,2.0,2.1,5.8,4499,False
690b7d2f4218991b6496be8eb456a943,8.6,5.3,12.6,8.1,2.0,12.3,29.5,12829,False
69c93e0ed056c1f8056e644a63612ea1,6.1,2.7,7.2,2.4,2.0,6.2,18.5,7048,False
75e40f05b77a18976fed8a76d9962f24,12.9,9.4,16.2,13.7,2.0,21.8,47.5,9621,False
9a154810b166b91ae0c3d0cd84fb7e05,16.0,7.3,25.4,22.0,2.0,17.1,49.1,16083,True
78baaaf1b752a5358cb6835cf1a7ef8d,6.0,3.5,10.3,6.4,2.0,8.1,20.1,10842,False
912562560d2e2e4558eed7feaaf1cba1,1.7,1.6,2.1,1.8,2.0,3.7,7.2,2212,False
8270ca36d6d40203214e4f4303deacbb,13.4,6.9,16.5,8.2,2.0,16.0,42.8,10128,False
32e94919418a4d9229b1dff305c6a2c8,0.7,0.8,0.5,0.7,2.0,1.8,3.2,1437,False
ff9575eadeeb732ad8095286dc2bff82,9.7,5.1,16.1,11.1,2.0,12.0,31.4,13167,False
